{
  "name": "Path_1751586417",
  "description": "1st_recording",
  "waypoints": [
    {
      "joint_angles": [
        0.0,
        0.0,
        0.00021755104535259306,
        -0.00021755104535259306,
        0.0,
        0.0
      ],
      "tcp_position": [
        0.03860912472009659,
        -6.512007713317871,
        877.0660400390625,
        0.0,
        -0.0,
        -0.029999999329447746
      ],
      "timestamp": 1751586434.0293248,
      "speed": 1.0,
      "acc": 1.0,
      "io_state": {
        "digital_outputs": [
          0,
          0,
          0,
          0,
          0,
          0,
          0,
          0,
          0,
          0,
          0,
          0,
          0,
          0,
          0,
          0
        ],
        "analog_outputs": [
          0.0,
          0.0,
          0.0,
          0.0
        ]
      },
      "comment": ""
    },
    {
      "joint_angles": [
        -0.00021755104535259306,
        -0.010442450642585754,
        -8.178178787231445,
        4.035789489746094,
        0.034808170050382614,
        -0.007831837981939316
      ],
      "tcp_position": [
        -62.52064514160156,
        -6.485561370849609,
        872.651123046875,
        -0.5704860091209412,
        -8.03372859954834,
        4.037628650665283
      ],
      "timestamp": 1751586438.0337813,
      "speed": 1.0,
      "acc": 1.0,
      "io_state": {
        "digital_outputs": [
          0,
          0,
          0,
          0,
          0,
          0,
          0,
          0,
          0,
          0,
          0,
          0,
          0,
          0,
          0,
          0
        ],
        "analog_outputs": [
          0.0,
          0.0,
          0.0,
          0.0
        ]
      },
      "comment": ""
    },
    {
      "joint_angles": [
        -0.00021755104535259306,
        -0.009572246111929417,
        -20.191349029541016,
        4.035789489746094,
        0.27716004848480225,
        -0.007831837981939316
      ],
      "tcp_position": [
        -152.63841247558594,
        -6.424061298370361,
        850.0523071289062,
        -1.4691221714019775,
        -19.806961059570312,
        4.250794887542725
      ],
      "timestamp": 1751586438.5342817,
      "speed": 1.0,
      "acc": 1.0,
      "io_state": {
        "digital_outputs": [
          0,
          0,
          0,
          0,
          0,
          0,
          0,
          0,
          0,
          0,
          0,
          0,
          0,
          0,
          0,
          0
        ],
        "analog_outputs": [
          0.0,
          0.0,
          0.0,
          0.0
        ]
      },
      "comment": ""
    },
    {
      "joint_angles": [
        -0.0013053063303232193,
        -0.011095103807747364,
        -30.11646270751953,
        4.035789489746094,
        3.8354251384735107,
        -0.007831837981939316
      ],
      "tcp_position": [
        -216.74024963378906,
        -5.961682319641113,
        820.483154296875,
        -2.2394866943359375,
        -26.125438690185547,
        4.4446892738342285
      ],
      "timestamp": 1751586439.034959,
      "speed": 1.0,
      "acc": 1.0,
      "io_state": {
        "digital_outputs": [
          0,
          0,
          0,
          0,
          0,
          0,
          0,
          0,
          0,
          0,
          0,
          0,
          0,
          0,
          0,
          0
        ],
        "analog_outputs": [
          0.0,
          0.0,
          0.0,
          0.0
        ]
      },
      "comment": ""
    },
    {
      "joint_angles": [
        -0.011747756972908974,
        -0.023713065311312675,
        -39.856658935546875,
        4.035789489746094,
        6.374245643615723,
        -0.008049389347434044
      ],
      "tcp_position": [
        -276.3918151855469,
        -5.585308074951172,
        780.2034912109375,
        -3.087232828140259,
        -33.44746398925781,
        4.755696773529053
      ],
      "timestamp": 1751586439.5356455,
      "speed": 1.0,
      "acc": 1.0,
      "io_state": {
        "digital_outputs": [
          0,
          0,
          0,
          0,
          0,
          0,
          0,
          0,
          0,
          0,
          0,
          0,
          0,
          0,
          0,
          0
        ],
        "analog_outputs": [
          0.0,
          0.0,
          0.0,
          0.0
        ]
      },
      "comment": ""
    },
    {
      "joint_angles": [
        -0.2608437240123749,
        -4.140649318695068,
        -42.31911849975586,
        4.035789489746094,
        12.433913230895996,
        -0.008049389347434044
      ],
      "tcp_position": [
        -326.5635681152344,
        -3.418058156967163,
        751.8905639648438,
        -3.5093135833740234,
        -33.93012237548828,
        4.448662757873535
      ],
      "timestamp": 1751586440.0363414,
      "speed": 1.0,
      "acc": 1.0,
      "io_state": {
        "digital_outputs": [
          0,
          0,
          0,
          0,
          0,
          0,
          0,
          0,
          0,
          0,
          0,
          0,
          0,
          0,
          0,
          0
        ],
        "analog_outputs": [
          0.0,
          0.0,
          0.0,
          0.0
        ]
      },
      "comment": ""
    },
    {
      "joint_angles": [
        -5.36198091506958,
        -11.194524765014648,
        -41.188941955566406,
        4.035789489746094,
        13.046536445617676,
        -0.008049389347434044
      ],
      "tcp_position": [
        -390.2136535644531,
        31.77228546142578,
        715.0109252929688,
        -4.096894264221191,
        -39.13994216918945,
        -0.3362199068069458
      ],
      "timestamp": 1751586440.5370228,
      "speed": 1.0,
      "acc": 1.0,
      "io_state": {
        "digital_outputs": [
          0,
          0,
          0,
          0,
          0,
          0,
          0,
          0,
          0,
          0,
          0,
          0,
          0,
          0,
          0,
          0
        ],
        "analog_outputs": [
          0.0,
          0.0,
          0.0,
          0.0
        ]
      },
      "comment": ""
    },
    {
      "joint_angles": [
        -3.1031482219696045,
        -15.685213088989258,
        -41.19960021972656,
        4.035789489746094,
        13.045884132385254,
        -0.008049389347434044
      ],
      "tcp_position": [
        -435.0428161621094,
        18.746599197387695,
        682.1104736328125,
        -4.648561477661133,
        -43.68037796020508,
        2.287834644317627
      ],
      "timestamp": 1751586441.0372896,
      "speed": 1.0,
      "acc": 1.0,
      "io_state": {
        "digital_outputs": [
          0,
          0,
          0,
          0,
          0,
          0,
          0,
          0,
          0,
          0,
          0,
          0,
          0,
          0,
          0,
          0
        ],
        "analog_outputs": [
          0.0,
          0.0,
          0.0,
          0.0
        ]
      },
      "comment": ""
    },
    {
      "joint_angles": [
        -0.27911800146102905,
        -15.207253456115723,
        -41.200904846191406,
        4.035789489746094,
        13.037399291992188,
        -0.008049389347434044
      ],
      "tcp_position": [
        -431.18792724609375,
        -2.7318601608276367,
        685.529052734375,
        -4.5907673835754395,
        -43.237667083740234,
        5.072608470916748
      ],
      "timestamp": 1751586441.5379624,
      "speed": 1.0,
      "acc": 1.0,
      "io_state": {
        "digital_outputs": [
          0,
          0,
          0,
          0,
          0,
          0,
          0,
          0,
          0,
          0,
          0,
          0,
          0,
          0,
          0,
          0
        ],
        "analog_outputs": [
          0.0,
          0.0,
          0.0,
          0.0
        ]
      },